idx,chunking,our_relevance,our_utilization,our_completeness,our_adherence,ref_relevance,ref_utilization,ref_completeness,ref_adherence
0,C1,0.4706,0.4118,0.875,0,0.4117647058823529,0.17647058823529413,0.42857142857142855,0
1,C1,0.3462,0.0769,0.2222,0,0.2692307692307692,0.07692307692307693,0.2857142857142857,1
2,C1,0.1875,0.1875,1.0,1,0.125,0.0625,0.5,1
3,C1,0.15,0.1,0.6667,0,0.3,0.3,1.0,1
4,C1,0.0667,0.0667,1.0,1,0.06666666666666667,0.06666666666666667,1.0,1
5,C1,0.1765,0.0588,0.3333,1,0.29411764705882354,0.17647058823529413,0.6,1
6,C1,0.3889,0.0,0.0,1,0.05555555555555555,0.05555555555555555,1.0,1
7,C1,0.3182,0.1818,0.0,1,0.36363636363636365,0.045454545454545456,0.125,1
8,C1,0.1579,0.0526,0.3333,1,0.15789473684210525,0.05263157894736842,0.3333333333333333,1
9,C1,0.7083,0.0,0.0,0,1.0,0.041666666666666664,0.041666666666666664,1
10,C1,0.35,0.05,0.1429,0,0.35,0.1,0.2857142857142857,1
11,C1,0.6111,0.1111,0.1818,0,0.3888888888888889,0.2222222222222222,0.5714285714285714,1
12,C1,0.1333,0.0,0.0,0,0.13333333333333333,0.06666666666666667,0.5,1
13,C1,0.1053,0.1053,1.0,1,0.10526315789473684,0.05263157894736842,0.5,1
14,C1,0.5789,0.5789,1.0,0,0.2631578947368421,0.15789473684210525,0.6,1
15,C1,0.4,0.1,0.25,0,0.2,0.2,1.0,1
16,C1,0.1176,0.1176,1.0,0,0.17647058823529413,0.11764705882352941,0.6666666666666666,0
17,C1,0.1765,0.0588,0.3333,0,0.058823529411764705,0.058823529411764705,1.0,1
18,C1,0.3333,0.1667,0.5,1,0.3333333333333333,0.3333333333333333,1.0,0
19,C1,0.3,0.3,1.0,1,0.1,0.1,1.0,1
20,C1,0.4828,0.069,0.1429,0,0.41379310344827586,0.3448275862068966,0.8333333333333334,1
21,C1,0.1739,0.0435,0.25,1,0.13043478260869565,0.043478260869565216,0.3333333333333333,1
22,C1,0.5455,0.1818,0.3333,0,0.18181818181818182,0.18181818181818182,1.0,1
23,C1,0.6842,0.6842,1.0,0,0.42105263157894735,0.15789473684210525,0.375,1
24,C1,0.4706,0.3529,0.75,0,0.23529411764705882,0.11764705882352941,0.5,0
25,C1,0.7692,0.0769,0.1,0,0.23076923076923078,0.15384615384615385,0.6666666666666666,1
26,C1,0.4444,0.3333,0.75,0,0.4444444444444444,0.4444444444444444,1.0,1
27,C1,0.1429,0.0952,0.6667,0,0.19047619047619047,0.19047619047619047,1.0,1
28,C1,0.2222,0.3333,0.75,0,0.2222222222222222,0.05555555555555555,0.25,1
29,C1,0.5238,0.0476,0.0909,0,0.38095238095238093,0.38095238095238093,1.0,0
30,C1,0.2273,0.2273,1.0,0,0.2727272727272727,0.22727272727272727,0.8333333333333334,0
31,C1,0.5714,0.4286,0.75,0,0.2857142857142857,0.14285714285714285,0.5,1
32,C1,0.1905,0.0,0.0,0,0.2857142857142857,0.09523809523809523,0.3333333333333333,1
33,C1,0.4,0.4,1.0,0,0.4,0.25,0.625,1
34,C1,0.375,0.375,1.0,0,0.625,0.625,1.0,1
35,C1,0.3571,0.1429,0.4,1,0.35714285714285715,0.35714285714285715,1.0,0
36,C1,0.3333,0.4,1.0,0,0.4,0.26666666666666666,0.6666666666666666,1
37,C1,0.2857,0.0,0.0,0,0.2857142857142857,0.14285714285714285,0.5,1
38,C1,0.2,0.1,0.5,1,0.2,0.05,0.25,1
39,C1,0.45,0.05,0.1111,1,0.15,0.05,0.3333333333333333,1
40,C1,0.6111,0.0556,0.0909,1,0.6666666666666666,0.2222222222222222,0.3333333333333333,1
41,C1,0.0909,0.0455,0.5,1,0.045454545454545456,0.045454545454545456,1.0,1
42,C1,0.2143,0.2143,1.0,0,0.42857142857142855,0.42857142857142855,1.0,1
43,C1,0.3158,0.3158,1.0,0,0.5263157894736842,0.42105263157894735,0.8,1
44,C1,0.5,0.5,1.0,0,0.5,0.5,1.0,1
45,C1,1.0,1.0,1.0,0,0.2,0.2,1.0,0
46,C1,0.4737,0.1053,0.2222,1,0.21052631578947367,0.21052631578947367,1.0,0
47,C1,0.7273,0.2727,0.375,0,0.2727272727272727,0.18181818181818182,0.6666666666666666,1
48,C1,0.5,0.0455,0.0909,0,0.09090909090909091,0.045454545454545456,0.5,1
49,C1,0.25,0.0625,0.25,1,0.3125,0.0625,0.2,1
50,C1,0.087,0.0435,0.5,1,0.043478260869565216,0.043478260869565216,1.0,1
51,C1,0.3158,0.1579,0.5,0,0.42105263157894735,0.21052631578947367,0.5,0
52,C1,0.3333,0.2222,0.6667,0,0.3333333333333333,0.2222222222222222,0.6666666666666666,1
53,C1,0.1429,0.0476,0.3333,0,0.38095238095238093,0.047619047619047616,0.125,1
54,C1,0.2105,0.1053,0.5,0,0.8421052631578947,0.47368421052631576,0.5625,1
55,C1,0.5,0.45,0.9,0,0.4,0.25,0.625,1
56,C1,0.75,0.0625,0.0833,0,0.75,0.4375,0.5833333333333334,1
57,C1,0.4,0.0,0.0,0,0.3333333333333333,0.06666666666666667,0.2,1
58,C1,0.3333,0.3333,1.0,0,0.4,0.4,1.0,1
59,C1,0.2222,0.2222,1.0,0,0.2777777777777778,0.2222222222222222,0.8,1
60,C1,0.5,0.125,0.25,1,0.75,0.375,0.5,1
61,C1,0.25,0.0,0.0,0,0.0,0.0,1.0,1
62,C1,0.3571,0.0714,0.2,0,0.35714285714285715,0.2857142857142857,0.8,0
63,C1,0.5,0.25,0.5,0,0.375,0.375,1.0,0
64,C1,0.5833,0.0833,0.1429,1,0.375,0.16666666666666666,0.4444444444444444,1
65,C1,0.5,0.0,0.0,0,0.125,0.0,0.0,1
66,C1,0.5,0.1111,0.2222,0,0.5,0.4444444444444444,0.8888888888888888,1
67,C1,0.6667,0.037,0.0556,1,0.14814814814814814,0.037037037037037035,0.25,1
68,C1,0.2727,0.0909,0.3333,1,0.18181818181818182,0.18181818181818182,1.0,1
69,C1,0.3636,0.0,0.0,0,0.22727272727272727,0.09090909090909091,0.4,1
70,C1,0.2273,0.0,0.0,0,0.4090909090909091,0.2727272727272727,0.6666666666666666,1
71,C1,0.1818,0.1364,0.75,1,0.09090909090909091,0.09090909090909091,1.0,1
72,C1,0.25,0.0625,0.25,1,0.25,0.0625,0.25,1
73,C1,0.1429,0.1429,1.0,1,0.09523809523809523,0.09523809523809523,1.0,1
74,C1,0.1364,0.0455,0.3333,1,0.13636363636363635,0.09090909090909091,0.6666666666666666,1
75,C1,0.4667,0.2667,0.0,1,0.26666666666666666,0.26666666666666666,1.0,1
76,C1,0.1667,0.1667,1.0,0,0.2222222222222222,0.2222222222222222,1.0,1
77,C1,0.625,0.1875,0.3,1,0.3125,0.0625,0.2,0
78,C1,0.0,0.0,0.0,1,0.0,0.0,1.0,1
79,C1,0.4545,0.0909,0.2,0,0.45454545454545453,0.36363636363636365,0.8,1
80,C1,0.75,0.75,1.0,1,0.5,0.375,0.75,1
81,C1,0.1538,0.0769,0.5,1,0.23076923076923078,0.15384615384615385,0.6666666666666666,0
82,C1,0.5,0.25,0.5,0,0.25,0.25,1.0,0
83,C1,0.1875,0.0,0.0,0,0.125,0.0625,0.5,1
84,C1,0.2222,0.1111,0.5,0,0.16666666666666666,0.16666666666666666,1.0,1
85,C1,0.2,0.0,0.0,0,0.12,0.04,0.3333333333333333,1
86,C1,0.4348,0.0,0.0,0,0.2608695652173913,0.043478260869565216,0.16666666666666666,0
87,C1,0.5556,0.2222,0.3,0,0.6111111111111112,0.5555555555555556,0.9090909090909091,1
88,C1,0.4737,0.1053,0.2222,0,0.47368421052631576,0.15789473684210525,0.3333333333333333,1
89,C1,0.5714,0.0952,0.0833,0,0.38095238095238093,0.14285714285714285,0.375,0
90,C1,0.2727,0.2727,1.0,0,0.2727272727272727,0.09090909090909091,0.3333333333333333,1
91,C1,0.0909,0.0909,1.0,0,0.09090909090909091,0.09090909090909091,1.0,1
92,C1,0.2941,0.0588,0.2,1,0.11764705882352941,0.058823529411764705,0.5,1
93,C1,0.2273,0.0455,0.2,0,0.09090909090909091,0.09090909090909091,1.0,1
94,C1,0.4091,0.1818,0.4444,0,0.2727272727272727,0.09090909090909091,0.3333333333333333,0
95,C1,0.2632,0.1579,0.6,1,0.15789473684210525,0.15789473684210525,1.0,1
96,C1,0.2727,0.0455,0.1667,0,0.4090909090909091,0.22727272727272727,0.5555555555555556,1
97,C1,0.1818,0.0455,0.25,1,0.045454545454545456,0.045454545454545456,1.0,1
98,C1,0.25,0.125,0.5,0,0.375,0.125,0.3333333333333333,0
99,C1,0.4118,0.4706,1.0,0,0.5882352941176471,0.47058823529411764,0.7,1
100,C1,0.4286,0.0952,0.2222,1,0.47619047619047616,0.2857142857142857,0.6,1
101,C1,0.2222,0.1111,0.5,0,0.1111111111111111,0.16666666666666666,1.0,1
102,C1,0.2727,0.0,0.0,0,0.09090909090909091,0.09090909090909091,1.0,1
103,C1,0.1579,0.0526,0.3333,0,0.15789473684210525,0.05263157894736842,0.3333333333333333,0
104,C1,0.1053,0.0,0.0,1,0.05263157894736842,0.05263157894736842,1.0,0
105,C1,0.5455,0.0909,0.1667,0,0.4090909090909091,0.18181818181818182,0.3333333333333333,0
106,C1,0.4,0.2,0.5,0,0.3,0.3,1.0,1
107,C1,0.2667,0.0,0.0,0,0.4666666666666667,0.06666666666666667,0.14285714285714285,0
108,C1,0.0741,0.0741,1.0,0,0.1111111111111111,0.07407407407407407,0.6666666666666666,0
109,C1,0.2,0.1333,0.6667,0,0.4,0.3333333333333333,0.8333333333333334,1
110,C1,0.2174,0.1304,0.4,0,0.2608695652173913,0.08695652173913043,0.3333333333333333,0
111,C1,0.3529,0.0,0.0,0,0.35294117647058826,0.23529411764705882,0.6666666666666666,1
112,C1,0.2857,0.0714,0.25,1,0.10714285714285714,0.07142857142857142,0.6666666666666666,1
113,C1,0.5333,0.5333,1.0,1,0.2,0.2,1.0,1
114,C1,0.1667,0.2083,1.0,0,0.4583333333333333,0.20833333333333334,0.45454545454545453,1
115,C1,0.5,0.0,0.0,0,0.4,0.1,0.25,1
116,C1,0.3,0.2,0.6667,0,0.2,0.2,1.0,1
117,C1,0.4667,0.1333,0.2857,0,0.4,0.2,0.5,1
118,C1,0.3043,0.3043,1.0,1,0.391304347826087,0.21739130434782608,0.5555555555555556,1
119,C1,0.3077,0.3077,1.0,0,0.15384615384615385,0.15384615384615385,1.0,0
120,C1,0.3333,0.0556,0.1667,1,0.05555555555555555,0.05555555555555555,1.0,1
121,C1,0.1053,0.0526,0.5,1,0.2631578947368421,0.15789473684210525,0.6,1
122,C1,0.15,0.05,0.3333,1,0.65,0.25,0.38461538461538464,1
123,C1,0.3913,0.2174,0.4444,1,0.30434782608695654,0.21739130434782608,0.7142857142857143,1
124,C1,0.1739,0.1739,1.0,1,0.08695652173913043,0.08695652173913043,1.0,1
125,C1,0.5238,0.0952,0.1818,1,0.6190476190476191,0.42857142857142855,0.6923076923076923,1
126,C1,0.1429,0.0952,0.6667,1,0.38095238095238093,0.09523809523809523,0.25,1
127,C1,0.4,0.05,0.125,1,0.4,0.05,0.125,1
128,C1,0.4706,0.4706,1.0,0,0.5294117647058824,0.5294117647058824,1.0,0
129,C1,0.2,0.2,1.0,0,0.3,0.2,0.6666666666666666,1
130,C1,0.1364,0.0,0.0,0,0.09090909090909091,0.045454545454545456,0.5,1
131,C1,0.3077,0.2308,0.75,0,0.15384615384615385,0.15384615384615385,1.0,1
133,C1,0.2727,0.1818,0.6667,0,0.18181818181818182,0.2727272727272727,1.0,1
134,C1,0.2174,0.2174,1.0,1,0.17391304347826086,0.043478260869565216,0.25,1
135,C1,0.4615,0.0,0.0,0,0.19230769230769232,0.11538461538461539,0.6,0
136,C1,0.4,0.05,0.125,1,0.25,0.15,0.6,1
137,C1,0.2,0.04,0.2,0,0.04,0.04,1.0,1
138,C1,0.5714,0.0952,0.1667,0,0.42857142857142855,0.3333333333333333,0.6666666666666666,1
139,C1,0.25,0.0,0.0,1,0.55,0.0,0.0,1
140,C1,0.4667,0.4,0.7143,0,0.5333333333333333,0.4666666666666667,0.875,1
141,C1,0.1739,0.087,0.5,1,0.17391304347826086,0.13043478260869565,0.75,1
142,C1,0.2381,0.0,0.0,1,0.23809523809523808,0.19047619047619047,0.8,1
143,C1,0.44,0.08,0.1818,0,0.32,0.2,0.625,1
144,C1,0.1176,0.0588,0.5,0,0.11764705882352941,0.11764705882352941,1.0,1
145,C1,0.3182,0.1818,0.5714,0,0.18181818181818182,0.045454545454545456,0.25,1
146,C1,0.6667,0.0833,0.125,0,0.5833333333333334,0.3333333333333333,0.5714285714285714,1
147,C1,0.4118,0.4118,1.0,0,0.47058823529411764,0.23529411764705882,0.5,1
148,C1,0.5556,0.6111,1.0,0,0.4444444444444444,0.3333333333333333,0.75,1
149,C1,0.0,0.0,0.0,1,0.0,0.0,1.0,1
150,C1,0.3333,0.1333,0.4,1,0.26666666666666666,0.3333333333333333,1.0,0
151,C1,0.3182,0.0909,0.2857,0,0.18181818181818182,0.09090909090909091,0.5,1
152,C1,0.2222,0.2222,1.0,0,0.3333333333333333,0.2222222222222222,0.6666666666666666,0
153,C1,0.2632,0.0,0.0,0,0.15789473684210525,0.05263157894736842,0.3333333333333333,1
154,C1,0.3684,0.1579,0.4286,0,0.15789473684210525,0.10526315789473684,0.6666666666666666,1
155,C1,0.2308,0.0,0.0,1,0.46153846153846156,0.038461538461538464,0.08333333333333333,1
156,C1,0.9524,0.1905,0.2,1,0.0,0.42857142857142855,1.0,1
157,C1,0.1579,0.0526,0.3333,1,0.21052631578947367,0.10526315789473684,0.5,1
158,C1,0.4,0.0,0.0,1,0.5333333333333333,0.4,0.75,1
159,C1,0.4444,0.1111,0.25,0,0.3333333333333333,0.16666666666666666,0.5,1
160,C1,0.6667,0.4,0.6,0,0.36666666666666664,0.3,0.8181818181818182,1
161,C1,0.2609,0.2609,1.0,0,0.5217391304347826,0.0,0.0,0
162,C1,0.4091,0.0,0.0,0,0.5,0.36363636363636365,0.7272727272727273,1
163,C1,0.2857,0.0,0.0,0,0.14285714285714285,0.14285714285714285,1.0,1
164,C1,0.3333,0.1667,0.5,0,0.3333333333333333,0.2777777777777778,0.8333333333333334,1
165,C1,0.4375,0.0,0.0,0,0.3125,0.1875,0.6,1
166,C1,0.381,0.381,1.0,0,0.23809523809523808,0.23809523809523808,1.0,0
167,C1,0.3077,0.0385,0.125,1,0.19230769230769232,0.038461538461538464,0.2,1
168,C1,0.125,0.0625,0.5,0,0.125,0.125,1.0,1
169,C1,0.2174,0.087,0.4,1,0.2608695652173913,0.043478260869565216,0.16666666666666666,1
170,C1,0.3333,0.0833,0.25,0,0.4166666666666667,0.3333333333333333,0.8,1
171,C1,0.1667,0.1111,0.6667,0,0.2222222222222222,0.1111111111111111,0.5,1
172,C1,0.3333,0.0667,0.2,1,0.2,0.13333333333333333,0.6666666666666666,1
173,C1,0.2632,0.1579,0.6,0,0.3684210526315789,0.3684210526315789,1.0,1
174,C1,0.4211,0.0526,0.125,1,0.42105263157894735,0.15789473684210525,0.375,1
175,C1,0.1818,0.0909,0.5,1,0.18181818181818182,0.09090909090909091,0.5,1
176,C1,0.3846,0.2308,0.6,1,0.038461538461538464,0.038461538461538464,1.0,1
177,C1,0.4583,0.0,0.0,0,0.125,0.125,1.0,0
178,C1,0.9167,0.0833,0.0909,0,0.4166666666666667,0.25,0.6,1
179,C1,0.5,0.0417,0.0833,1,0.5833333333333334,0.5416666666666666,0.9285714285714286,1
180,C1,0.3125,0.0625,0.2,0,0.1875,0.125,0.6666666666666666,1
181,C1,0.45,0.4,0.8889,0,0.4,0.15,0.375,1
182,C1,0.4375,0.0,0.0,0,0.375,0.3125,0.8333333333333334,1
183,C1,0.2308,0.0385,0.1667,0,0.15384615384615385,0.07692307692307693,0.5,1
184,C1,0.3043,0.0435,0.1429,1,0.17391304347826086,0.043478260869565216,0.25,1
185,C1,0.25,0.25,0.5,0,0.16666666666666666,0.08333333333333333,0.5,1
186,C1,0.4444,0.2222,0.5,0,0.2222222222222222,0.2222222222222222,1.0,1
187,C1,0.92,0.04,0.0435,0,0.4,0.16,0.4,1
188,C1,0.2857,0.1429,0.5,1,0.2857142857142857,0.2857142857142857,1.0,1
189,C1,0.45,0.4,0.8889,0,0.25,0.2,0.8,1
190,C1,0.2,0.1,0.5,0,0.4,0.3,0.75,0
191,C1,0.3158,0.2632,0.8333,0,0.21052631578947367,0.21052631578947367,1.0,1
192,C1,0.2632,0.0526,0.2,0,0.21052631578947367,0.10526315789473684,0.5,1
193,C1,1.0,0.2143,0.2143,0,0.07142857142857142,0.07142857142857142,1.0,1
194,C1,0.5,0.25,0.5,0,0.25,0.25,1.0,1
195,C1,0.2,0.05,0.0,0,0.45,0.25,0.5555555555555556,1
196,C1,0.6,0.3,0.5,1,0.2,0.2,1.0,1
197,C1,0.25,0.0,0.0,0,0.25,0.16666666666666666,0.6666666666666666,1
198,C1,0.3333,0.1667,0.5,0,0.5833333333333334,0.3333333333333333,0.5714285714285714,1
199,C1,0.6667,0.0,0.0,1,0.2777777777777778,0.1111111111111111,0.4,1
200,C1,0.2,0.2,1.0,1,0.26666666666666666,0.26666666666666666,1.0,1
201,C1,0.3182,0.0,0.0,0,0.09090909090909091,0.045454545454545456,0.5,1
202,C1,0.1905,0.0952,0.5,0,0.23809523809523808,0.23809523809523808,1.0,1
203,C1,0.3158,0.3158,1.0,0,0.3157894736842105,0.2631578947368421,0.6666666666666666,0
204,C1,0.4667,0.3333,0.7143,0,0.4666666666666667,0.2,0.42857142857142855,1
205,C1,0.4444,0.1111,0.25,0,0.2222222222222222,0.1111111111111111,0.5,1
206,C1,0.3478,0.3478,1.0,0,0.13043478260869565,0.043478260869565216,0.3333333333333333,1
207,C1,0.0556,0.0556,1.0,1,0.2222222222222222,0.05555555555555555,0.25,1
208,C1,0.4286,0.2857,0.6667,0,0.35714285714285715,0.21428571428571427,0.6,1
209,C1,0.1034,0.0345,0.3333,0,0.10344827586206896,0.10344827586206896,1.0,1
210,C1,0.4375,0.4375,1.0,0,0.625,0.3125,0.5,1
211,C1,0.7,0.0,0.0,0,0.4,0.4,1.0,1
212,C1,0.25,0.125,0.5,0,0.1875,0.125,0.6666666666666666,1
213,C1,0.3182,0.0455,0.1429,0,0.18181818181818182,0.18181818181818182,0.75,1
214,C1,0.3125,0.3125,1.0,1,0.125,0.125,1.0,1
215,C1,0.4595,0.0,0.0,0,0.05405405405405406,0.05405405405405406,1.0,1
216,C1,0.6667,0.0417,0.0625,1,0.3333333333333333,0.3333333333333333,1.0,1
217,C1,0.1429,0.1429,1.0,0,0.42857142857142855,0.42857142857142855,1.0,0
218,C1,0.125,0.75,0.0,1,0.25,0.25,1.0,1
219,C1,0.6,0.3,0.5,0,0.7,0.2,0.2857142857142857,1
