idx,domain,exp_id,generator,judge,our_relevance,our_utilization,our_completeness,our_adherence,ref_relevance,ref_utilization,ref_completeness,ref_adherence,dropped_keys,salvaged,answer
0,general_knowledge,JS-GK-70b,meta-llama/llama-3.3-70b-instruct,meta-llama/llama-3.3-70b-instruct,0.2413793103448276,0.10344827586206896,0.42857142857142855,0,0.17857142857142858,0.10714285714285714,0.6,0,0,0,"To answer this question, we need to identify the key figure in the documentary film who was drafted 18th overall pick for the New Jersey Nets. 

According to document [0], the documentary film features several key figures, including Jason Collins. Document [1] states that Jason Collins played college basketball for Stanford University before being drafted 18th overall pick in the 2001 NBA draft by the Houston Rockets, and later played for the New Jersey Nets. 

However, the question asks which university the key figure paid for. The documents do not mention that Jason Collins paid for his university. In fact, document [1] only mentions that he ""played college basketball for Stanford University"", which implies that he attended the university, but does not provide information about who paid for his education.

The documents are missing some of the information required to answer the question."
1,general_knowledge,JS-GK-70b,meta-llama/llama-3.3-70b-instruct,meta-llama/llama-3.3-70b-instruct,0.15384615384615385,0.15384615384615385,1.0,1,0.18181818181818182,0.18181818181818182,1.0,1,0,0,"To answer this question, we need to examine the information provided in the context documents about Léopold Eyharts and Ulrich Walter.

According to document [0], Léopold Eyharts is a Brigadier General in the French Air Force. 

However, document [1] describes Ulrich Walter as a German physicist/engineer and a former DFVLR astronaut, but it does not mention him being a General in the French Air Force. 

Therefore, based on the information provided, we can conclude that only Léopold Eyharts is mentioned as a General in the French Air Force, while there is no such information provided about Ulrich Walter."
2,general_knowledge,JS-GK-70b,meta-llama/llama-3.3-70b-instruct,meta-llama/llama-3.3-70b-instruct,0.20833333333333334,0.08333333333333333,0.4,1,0.16666666666666666,0.16666666666666666,1.0,1,0,0,"To answer this question, we need to look at the information provided in the context documents about the number of members in each group.

For DC Talk, document [0] states that the group was formed by ""Toby McKeehan, Michael Tait, and Kevin Max Smith"", which indicates that DC Talk has 3 members.

For Manchester Orchestra, document [1] lists the current members as ""rhythm guitarist-singer-songwriter Andy Hull, lead guitarist Robert McDowell, bassist Andy Prince and drummer Tim Very"", which indicates that Manchester Orchestra has 4 members. Additionally, the document mentions former members, but we are only considering the current number of members.

Since 4 is greater than 3, Manchester Orchestra has the most members."
3,general_knowledge,JS-GK-70b,meta-llama/llama-3.3-70b-instruct,meta-llama/llama-3.3-70b-instruct,0.4166666666666667,0.25,0.6,1,0.2727272727272727,0.18181818181818182,0.6666666666666666,1,0,0,"To answer this question, I will look at the information provided in the context documents. According to document [0], Eddie Jemison had a role in the television series ""IZombie"". To find the premiere date of ""IZombie"", I will look at documents [1] and [2], which both state that the series premiered on March 17, 2015.

Therefore, the answer to the question is: March 17, 2015."
4,general_knowledge,JS-GK-70b,meta-llama/llama-3.3-70b-instruct,meta-llama/llama-3.3-70b-instruct,0.38461538461538464,0.23076923076923078,0.6,1,0.3076923076923077,0.23076923076923078,0.75,1,0,0,"To answer this question, we need to identify the band formed in 2015 by JYP Entertainment through the reality show ""Sixteen"" and then find information about the reissue of their third album.

According to document [0], the band formed in 2015 by JYP Entertainment through the reality show ""Sixteen"" is Twice, a South Korean girl group.

Next, we need to find information about the reissue of Twice's third album. Document [1] mentions that Twicecoaster: Lane 2 is the reissue of Twice's third extended play (EP). It contains 13 tracks, including the lead single, ""Knock Knock"".

Therefore, the answer to the question is that there are 13 tracks on the reissue of Twice's third album, which is Twicecoaster: Lane 2."
